;6.0;6.36734693877551;6.73469387755102;7.1020408163265305;7.469387755102041;7.836734693877551;8.204081632653061;8.571428571428571;8.938775510204081;9.306122448979592;9.673469387755102;10.040816326530614;10.408163265306122;10.775510204081634;11.142857142857142;11.510204081632654;11.877551020408163;12.244897959183675;12.612244897959183;12.979591836734695;13.346938775510203;13.714285714285715;14.081632653061225;14.448979591836736;14.816326530612246;15.183673469387756;15.551020408163266;15.918367346938776;16.285714285714285;16.653061224489797;17.02040816326531;17.387755102040817;17.755102040816325;18.122448979591837;18.48979591836735;18.857142857142858;19.224489795918366;19.591836734693878;19.95918367346939;20.3265306122449;20.693877551020407;21.06122448979592;21.42857142857143;21.79591836734694;22.16326530612245;22.53061224489796;22.89795918367347;23.26530612244898;23.63265306122449;24.0
60.0;5.87;6.044489795918368;6.218979591836735;6.393469387755102;6.567959183673469;6.7424489795918365;6.8710204081632655;6.9628571428571435;7.054693877551021;7.146530612244898;7.238367346938776;7.325102040816327;7.3710204081632655;7.4169387755102045;7.4628571428571435;7.508775510204082;7.554693877551021;7.585918367346939;7.609795918367348;7.633673469387755;7.657551020408164;7.6814285714285715;7.703265306122449;7.71795918367347;7.7326530612244895;7.747346938775511;7.762040816326531;7.776734693877551;7.787142857142857;7.796326530612245;7.805510204081632;7.81469387755102;7.823877551020408;7.833061224489796;7.8422448979591834;7.851428571428571;7.860612244897959;7.8697959183673465;7.8789795918367345;7.879183673469388;7.878265306122449;7.87734693877551;7.876428571428571;7.875510204081633;7.874591836734694;7.8736734693877555;7.872755102040816;7.871836734693877;7.870918367346939;7.87
61.83673469387755;5.894489795918368;6.067855060391503;6.241220324864639;6.414585589337777;6.587950853810912;6.761316118284049;6.889137859225323;6.980524781341108;7.071911703456893;7.163298625572678;7.254685547688464;7.341170345689297;7.388438150770512;7.435705955851729;7.4829737609329445;7.530241566014161;7.577509371095377;7.610533111203665;7.63643481882549;7.662336526447313;7.6882382340691375;7.714139941690962;7.737900874635568;7.754169096209912;7.770437317784257;7.786705539358601;7.802973760932946;7.819241982507289;7.8306997084548104;7.8407830070803834;7.850866305705956;7.860949604331529;7.871032902957102;7.881116201582674;7.891199500208246;7.901282798833819;7.911366097459392;7.921449396084964;7.931532694710537;7.93283631820075;7.933042482299043;7.933248646397334;7.933454810495627;7.93366097459392;7.933867138692212;7.934073302790504;7.934279466888796;7.934485630987089;7.9346917950853815;7.934897959183673
63.673469387755105;5.9189795918367345;6.091220324864639;6.2634610578925445;6.435701790920449;6.6079425239483545;6.780183256976259;6.907255310287379;6.998192419825073;7.089129529362764;7.180066638900458;7.27100374843815;7.357238650562266;7.40585589337776;7.454473136193252;7.503090379008746;7.5517076218242405;7.600324864639734;7.635147855060391;7.663073719283632;7.690999583506872;7.718925447730113;7.746851311953352;7.772536443148688;7.790379008746355;7.808221574344023;7.826064139941691;7.843906705539358;7.861749271137025;7.8742565597667635;7.8852394835485216;7.896222407330279;7.907205331112037;7.918188254893794;7.929171178675552;7.940154102457309;7.951137026239067;7.962119950020824;7.973102873802582;7.984085797584339;7.9864889629321105;7.987819658475635;7.989150354019159;7.990481049562683;7.991811745106206;7.993142440649729;7.994473136193253;7.995803831736777;7.9971345272803;7.998465222823823;7.999795918367347
65.51020408163265;5.943469387755103;6.114585589337777;6.28570179092045;6.456817992503124;6.627934194085797;6.799050395668472;6.925372761349438;7.015860058309037;7.106347355268639;7.196834652228238;7.287321949187839;7.373306955435235;7.423273635985006;7.473240316534778;7.523206997084548;7.57317367763432;7.62314035818409;7.659762598917118;7.6897126197417744;7.719662640566431;7.749612661391088;7.779562682215744;7.807172011661808;7.8265889212827995;7.84600583090379;7.865422740524782;7.884839650145773;7.904256559766764;7.917813411078718;7.92969596001666;7.941578508954603;7.953461057892545;7.965343606830487;7.97722615576843;7.989108704706372;8.000991253644315;8.012873802582257;8.0247563515202;8.036638900458144;8.040141607663474;8.042596834652228;8.045052061640982;8.047507288629738;8.049962515618493;8.052417742607247;8.054872969596001;8.057328196584756;8.059783423573512;8.062238650562266;8.06469387755102
67.34693877551021;5.96795918367347;6.137950853810913;6.3079425239483555;6.4779341940857975;6.64792586422324;6.817917534360683;6.943490212411495;7.033527696793002;7.123565181174511;7.213602665556018;7.303640149937526;7.3893752603082055;7.440691378592253;7.492007496876302;7.543323615160349;7.5946397334443985;7.645955851728447;7.684377342773844;7.716351520199916;7.748325697625988;7.780299875052062;7.812274052478135;7.841807580174928;7.862798833819243;7.883790087463558;7.904781341107873;7.925772594752187;7.946763848396501;7.9613702623906715;7.974152436484798;7.986934610578925;7.999716784673053;8.01249895876718;8.025281132861307;8.038063306955435;8.050845481049564;8.06362765514369;8.076409829237818;8.089192003331945;8.093794252394835;8.09737401082882;8.100953769262807;8.104533527696793;8.108113286130779;8.111693044564765;8.115272802998751;8.118852561432737;8.122432319866723;8.12601207830071;8.129591836734694
69.18367346938776;5.9924489795918365;6.161316118284049;6.33018325697626;6.499050395668472;6.667917534360683;6.836784673052894;6.961607663473553;7.051195335276969;7.140783007080383;7.230370678883799;7.319958350687213;7.405443565181175;7.4581091211995;7.510774677217826;7.563440233236151;7.616105789254477;7.668771345272803;7.708992086630571;7.742990420658059;7.776988754685548;7.810987088713037;7.844985422740526;7.876443148688048;7.899008746355686;7.921574344023325;7.944139941690962;7.9667055393586015;7.98927113702624;8.004927113702625;8.018608912952937;8.032290712203249;8.045972511453561;8.059654310703873;8.073336109954187;8.087017909204498;8.100699708454812;8.114381507705122;8.128063306955436;8.141745106205748;8.147446897126198;8.152151187005416;8.156855476884632;8.16155976676385;8.166264056643065;8.170968346522283;8.175672636401499;8.180376926280717;8.185081216159933;8.18978550603915;8.194489795918368
71.0204081632653;6.016938775510205;6.1846813827571845;6.352423990004165;6.520166597251146;6.687909204498125;6.855651811745106;6.9797251145356105;7.068862973760933;7.1580008329862554;7.247138692211578;7.336276551436901;7.421511870054144;7.475526863806747;7.529541857559351;7.583556851311953;7.637571845064556;7.691586838817159;7.733606830487297;7.769629321116201;7.805651811745106;7.841674302374011;7.877696793002916;7.911078717201167;7.935218658892129;7.959358600583091;7.983498542274053;8.007638483965016;8.031778425655977;8.048483965014578;8.063065389421075;8.077646813827572;8.09222823823407;8.106809662640567;8.121391087047064;8.135972511453561;8.150553935860058;8.165135360266556;8.179716784673053;8.19429820907955;8.20109954185756;8.206928363182008;8.212757184506456;8.218586005830904;8.224414827155352;8.230243648479801;8.236072469804247;8.241901291128697;8.247730112453144;8.253558933777592;8.25938775510204
72.85714285714286;6.041428571428572;6.20804664723032;6.37466472303207;6.541282798833819;6.707900874635568;6.874518950437317;6.997842565597668;7.086530612244898;7.1752186588921285;7.263906705539359;7.352594752186589;7.437580174927114;7.492944606413994;7.548309037900874;7.603673469387755;7.659037900874636;7.714402332361516;7.758221574344024;7.796268221574344;7.834314868804665;7.872361516034985;7.9104081632653065;7.945714285714286;7.971428571428572;7.997142857142857;8.022857142857143;8.04857142857143;8.074285714285715;8.092040816326532;8.107521865889213;8.123002915451895;8.138483965014577;8.15396501457726;8.169446064139942;8.184927113702624;8.200408163265307;8.215889212827989;8.231370262390671;8.246851311953353;8.254752186588922;8.261705539358601;8.26865889212828;8.27561224489796;8.28256559766764;8.28951895043732;8.296472303206997;8.303425655976676;8.310379008746356;8.317332361516035;8.324285714285715
74.6938775510204;6.065918367346939;6.231411911703457;6.396905456059975;6.562399000416494;6.727892544773011;6.893386089129529;7.015960016659726;7.104198250728863;7.192436484798002;7.2806747188671395;7.368912952936277;7.453648479800084;7.510362349021242;7.567076218242399;7.623790087463557;7.680503956684714;7.737217825905872;7.78283631820075;7.822907122032486;7.862977925864224;7.903048729695961;7.943119533527698;7.9803498542274065;8.007638483965016;8.034927113702624;8.062215743440234;8.089504373177844;8.116793002915452;8.135597667638484;8.151978342357351;8.168359017076218;8.184739691795086;8.201120366513953;8.21750104123282;8.233881715951687;8.250262390670555;8.266643065389422;8.28302374010829;8.299404414827157;8.308404831320283;8.316482715535194;8.324560599750106;8.332638483965015;8.340716368179926;8.348794252394836;8.356872136609747;8.364950020824656;8.373027905039567;8.381105789254478;8.389183673469388
76.53061224489795;6.064897959183673;6.233015410245731;6.401132861307787;6.569250312369847;6.7373677634319025;6.905485214493961;7.028663057059559;7.115889212827987;7.203115368596418;7.290341524364847;7.377567680133278;7.461407746772178;7.518159100374844;7.574910453977509;7.6316618075801745;7.688413161182841;7.745164514785505;7.792019991670138;7.833927530195751;7.875835068721366;7.91774260724698;7.959650145772596;7.998825489379425;8.028438150770512;8.0580508121616;8.087663473552686;8.117276134943774;8.146888796334862;8.167784256559766;8.18618908788005;8.204593919200333;8.222998750520617;8.241403581840899;8.259808413161183;8.278213244481465;8.29661807580175;8.315022907122032;8.333427738442316;8.3518325697626;8.362473969179508;8.372144939608496;8.381815910037483;8.391486880466472;8.40115785089546;8.410828821324447;8.420499791753436;8.430170762182424;8.439841732611413;8.4495127030404;8.459183673469388
78.36734693877551;6.058775510204082;6.230266555601832;6.401757600999583;6.573248646397333;6.744739691795085;6.916230737192837;7.040283215326947;7.126384839650146;7.212486463973344;7.298588088296543;7.384689712619742;7.467505206164099;7.524031653477716;7.580558100791336;7.637084548104955;7.693610995418575;7.750137442732194;7.798117451062057;7.84182423990004;7.885531028738025;7.92923781757601;7.972944606413995;8.014069137859225;8.046155768429822;8.078242399000416;8.110329029571012;8.142415660141607;8.174502290712203;8.197696793002915;8.218350687213661;8.239004581424407;8.259658475635153;8.280312369845898;8.300966264056644;8.32162015826739;8.342274052478135;8.36292794668888;8.383581840899625;8.40423573511037;8.416626405664308;8.427984173261143;8.439341940857975;8.450699708454811;8.462057476051646;8.473415243648482;8.484773011245315;8.496130778842149;8.507488546438985;8.518846314035818;8.530204081632654
80.20408163265306;6.05265306122449;6.227517700957935;6.4023823406913785;6.577246980424825;6.752111620158268;6.926976259891712;7.051903373594337;7.136880466472304;7.221857559350271;7.306834652228239;7.391811745106206;7.473602665556019;7.529904206580592;7.586205747605165;7.642507288629737;7.698808829654311;7.755110370678884;7.804214910453978;7.849720949604332;7.895226988754686;7.94073302790504;7.986239067055394;8.029312786339025;8.06387338608913;8.098433985839234;8.132994585589337;8.167555185339442;8.202115785089546;8.227609329446064;8.250512286547272;8.273415243648481;8.296318200749688;8.319221157850896;8.342124114952105;8.365027072053312;8.38793002915452;8.410832986255727;8.433735943356936;8.456638900458143;8.470778842149105;8.483823406913787;8.49686797167847;8.50991253644315;8.522957101207831;8.536001665972512;8.549046230737193;8.562090795501874;8.575135360266556;8.588179925031238;8.60122448979592
82.04081632653062;6.046530612244899;6.224768846314037;6.403007080383174;6.581245314452312;6.75948354852145;6.937721782590588;7.063523531861724;7.147376093294461;7.231228654727198;7.315081216159934;7.398933777592671;7.4797001249479385;7.535776759683466;7.591853394418992;7.64793002915452;7.704006663890046;7.760083298625573;7.810312369845898;7.857617659308621;7.904922948771345;7.95222823823407;7.999533527696793;8.044556434818826;8.08159100374844;8.118625572678052;8.155660141607664;8.192694710537276;8.22972927946689;8.257521865889213;8.282673885880884;8.307825905872553;8.332977925864222;8.358129945855895;8.383281965847564;8.408433985839235;8.433586005830904;8.458738025822575;8.483890045814244;8.509042065805914;8.524931278633904;8.539662640566432;8.55439400249896;8.569125364431487;8.583856726364015;8.598588088296543;8.613319450229072;8.6280508121616;8.642782174094128;8.657513536026656;8.672244897959185
83.87755102040816;6.040408163265306;6.222019991670137;6.403631820074969;6.5852436484798;6.766855476884631;6.948467305289462;7.075143690129113;7.157871720116618;7.240599750104123;7.3233277800916285;7.406055810079134;7.485797584339858;7.541649312786339;7.597501041232819;7.6533527696793;7.70920449812578;7.765056226572261;7.816409829237818;7.86551436901291;7.914618908788006;7.9637234485630986;8.012827988338193;8.059800083298626;8.099308621407747;8.138817159516869;8.178325697625988;8.21783423573511;8.25734277384423;8.28743440233236;8.314835485214495;8.342236568096626;8.369637650978758;8.39703873386089;8.424439816743025;8.451840899625156;8.479241982507288;8.50664306538942;8.534044148271555;8.561445231153685;8.579083715118701;8.595501874219076;8.61192003331945;8.628338192419825;8.6447563515202;8.661174510620574;8.67759266972095;8.694010828821325;8.710428987921699;8.726847147022074;8.74326530612245
85.71428571428572;6.034285714285714;6.219271137026239;6.404256559766764;6.589241982507288;6.774227405247814;6.959212827988338;7.086763848396502;7.168367346938775;7.24997084548105;7.331574344023324;7.413177842565597;7.491895043731779;7.5475218658892125;7.603148688046647;7.658775510204081;7.714402332361516;7.77002915451895;7.822507288629737;7.873411078717201;7.9243148688046645;7.975218658892128;8.026122448979592;8.075043731778425;8.117026239067055;8.159008746355685;8.200991253644315;8.242973760932944;8.284956268221574;8.317346938775511;8.346997084548105;8.3766472303207;8.406297376093294;8.43594752186589;8.465597667638486;8.49524781341108;8.524897959183674;8.554548104956268;8.584198250728864;8.613848396501458;8.6332361516035;8.65134110787172;8.669446064139942;8.687551020408165;8.705655976676386;8.723760932944607;8.741865889212828;8.75997084548105;8.778075801749273;8.796180758017494;8.814285714285715
87.55102040816327;6.028163265306122;6.21652228238234;6.404881299458559;6.593240316534777;6.781599333610996;6.969958350687214;7.09838400666389;7.178862973760933;7.2593419408579765;7.339820907955019;7.420299875052062;7.497992503123699;7.553394418992086;7.608796334860475;7.664198250728863;7.719600166597251;7.775002082465639;7.828604748021658;7.881307788421491;7.934010828821324;7.986713869221157;8.039416909620991;8.090287380258225;8.134743856726363;8.179200333194501;8.223656809662641;8.26811328613078;8.312569762598917;8.347259475218658;8.379158683881716;8.411057892544774;8.44295710120783;8.474856309870887;8.506755518533945;8.538654727197;8.570553935860058;8.602453144523116;8.634352353186173;8.666251561849231;8.687388588088297;8.707180341524365;8.726972094960434;8.746763848396503;8.76655560183257;8.786347355268639;8.806139108704707;8.825930862140774;8.845722615576843;8.865514369012912;8.88530612244898
89.38775510204081;6.02204081632653;6.213773427738442;6.405506039150354;6.597238650562265;6.7889712619741776;6.980703873386089;7.110004164931278;7.18935860058309;7.268713036234902;7.348067471886714;7.427421907538525;7.504089962515618;7.55926697209496;7.6144439816743015;7.669620991253644;7.724798000832986;7.779975010412328;7.834702207413578;7.88920449812578;7.943706788837984;7.998209079550187;8.05271137026239;8.105531028738026;8.152461474385673;8.19939192003332;8.246322365680966;8.293252811328612;8.340183256976259;8.377172011661807;8.411320283215327;8.445468554768846;8.479616826322365;8.513765097875885;8.547913369429404;8.582061640982923;8.616209912536442;8.650358184089962;8.684506455643483;8.718654727197002;8.741541024573094;8.76301957517701;8.784498125780924;8.80597667638484;8.827455226988755;8.84893377759267;8.870412328196585;8.8918908788005;8.913369429404415;8.93484798000833;8.956326530612245
91.22448979591837;6.027959183673469;6.221266139108705;6.41457309454394;6.607880049979175;6.80118700541441;6.994493960849646;7.125035401915869;7.205364431486881;7.2856934610578925;7.366022490628905;7.446351520199917;7.523990004164933;7.5801041232819655;7.636218242399001;7.692332361516034;7.74844648063307;7.804560599750104;7.859775093710953;7.9145397750937105;7.969304456476468;8.024069137859225;8.078833819241982;8.131990837151186;8.179521032902956;8.227051228654727;8.274581424406497;8.322111620158267;8.369641815910036;8.407696793002915;8.443044564764682;8.478392336526447;8.513740108288214;8.54908788004998;8.584435651811747;8.619783423573512;8.65513119533528;8.690478967097045;8.72582673885881;8.761174510620576;8.78564348188255;8.80875260308205;8.83186172428155;8.85497084548105;8.87807996668055;8.901189087880052;8.92429820907955;8.947407330279052;8.970516451478552;8.99362557267805;9.016734693877552
93.06122448979592;6.039897959183673;6.233879633486048;6.4278613077884215;6.621842982090795;6.815824656393169;7.009806330695543;7.141772178259059;7.224125364431487;7.306478550603915;7.388831736776343;7.471184922948771;7.550791336942941;7.608423573511037;7.666055810079134;7.72368804664723;7.781320283215327;7.838952519783423;7.894335693461057;7.94859433569346;8.002852977925864;8.057111620158267;8.11137026239067;8.164058725531026;8.21125156184923;8.258444398167429;8.30563723448563;8.352830070803831;8.40002290712203;8.438527696793;8.474550187421908;8.51057267805081;8.546595168679717;8.582617659308621;8.618640149937526;8.65466264056643;8.690685131195334;8.72670762182424;8.762730112453145;8.798752603082049;8.82472094960433;8.849432528113287;8.87414410662224;8.898855685131196;8.923567263640148;8.948278842149104;8.972990420658057;8.997701999167013;9.022413577675968;9.047125156184922;9.071836734693877
94.89795918367346;6.051836734693877;6.24649312786339;6.441149521032902;6.635805914202416;6.830462307371929;7.025118700541441;7.15850895460225;7.242886297376093;7.327263640149938;7.411640982923782;7.4960183256976265;7.57759266972095;7.636743023740109;7.695893377759267;7.755043731778425;7.814194085797584;7.8733444398167425;7.928896293211161;7.98264889629321;8.036401499375259;8.090154102457308;8.143906705539358;8.196126613910868;8.2429820907955;8.289837567680133;8.336693044564765;8.383548521449395;8.430403998334027;8.469358600583089;8.506055810079133;8.542753019575176;8.57945022907122;8.616147438567264;8.652844648063308;8.68954185755935;8.726239067055394;8.762936276551436;8.79963348604748;8.836330695543523;8.863798417326114;8.890112453144525;8.916426488962932;8.94274052478134;8.969054560599751;8.995368596418158;9.021682632236569;9.047996668054978;9.074310703873385;9.100624739691796;9.126938775510204
96.73469387755102;6.063775510204081;6.259106622240733;6.454437734277384;6.649768846314035;6.845099958350686;7.0404310703873385;7.175245730945439;7.261647230320699;7.348048729695959;7.434450229071221;7.52085172844648;7.604394002498959;7.665062473969179;7.725730945439401;7.786399416909621;7.847067888379842;7.9077363598500625;7.963456892961267;8.01670345689296;8.069950020824656;8.123196584756352;8.176443148688048;8.22819450229071;8.274712619741775;8.321230737192835;8.367748854643898;8.41426697209496;8.460785089546022;8.500189504373177;8.537561432736359;8.574933361099541;8.612305289462723;8.649677217825905;8.687049146189088;8.72442107455227;8.761793002915452;8.799164931278632;8.836536859641816;8.873908788004998;8.902875885047896;8.930792378175761;8.958708871303623;8.986625364431488;9.014541857559351;9.042458350687214;9.070374843815078;9.09829133694294;9.126207830070804;9.154124323198667;9.18204081632653
98.57142857142857;6.075714285714286;6.271720116618075;6.467725947521866;6.663731778425656;6.859737609329446;7.055743440233236;7.191982507288629;7.280408163265307;7.368833819241983;7.45725947521866;7.545685131195335;7.631195335276968;7.69338192419825;7.755568513119533;7.817755102040816;7.879941690962098;7.942128279883381;7.998017492711369;8.05075801749271;8.103498542274052;8.156239067055392;8.208979591836734;8.260262390670553;8.306443148688047;8.352623906705539;8.398804664723032;8.444985422740524;8.491166180758018;8.531020408163265;8.569067055393585;8.607113702623906;8.645160349854226;8.683206997084548;8.721253644314869;8.75930029154519;8.79734693877551;8.83539358600583;8.87344023323615;8.911486880466471;8.941953352769678;8.971472303206996;9.000991253644314;9.030510204081633;9.06002915451895;9.089548104956268;9.119067055393586;9.148586005830904;9.178104956268221;9.20762390670554;9.237142857142857
100.40816326530611;6.08765306122449;6.284333610995419;6.481014160766348;6.677694710537276;6.874375260308205;7.071055810079134;7.20871928363182;7.299169096209912;7.389618908788004;7.480068721366098;7.57051853394419;7.657996668054978;7.721701374427322;7.7854060807996674;7.849110787172011;7.912815493544357;7.976520199916701;8.032578092461474;8.08481257809246;8.137047063723449;8.189281549354435;8.241516034985422;8.292330279050397;8.33817367763432;8.384017076218242;8.429860474802165;8.475703873386088;8.521547271970013;8.561851311953351;8.600572678050812;8.63929404414827;8.678015410245731;8.71673677634319;8.75545814244065;8.79417950853811;8.832900874635568;8.871622240733027;8.910343606830487;8.949064972927946;8.981030820491462;9.012152228238234;9.043273635985006;9.074395043731778;9.10551645147855;9.136637859225322;9.167759266972094;9.198880674718868;9.230002082465639;9.261123490212412;9.292244897959183
102.24489795918367;6.099591836734694;6.2969471053727615;6.494302374010829;6.691657642648897;6.889012911286964;7.0863681799250315;7.22545605997501;7.317930029154519;7.410403998334028;7.502877967513537;7.595351936693045;7.684798000832988;7.750020824656394;7.8152436484798;7.8804664723032065;7.945689296126614;8.01091211995002;8.067138692211579;8.118867138692211;8.170595585172844;8.222324031653477;8.274052478134111;8.324398167430237;8.36990420658059;8.415410245730945;8.4609162848813;8.506422324031654;8.551928363182007;8.59268221574344;8.632078300708038;8.671474385672637;8.710870470637234;8.750266555601833;8.789662640566432;8.829058725531029;8.868454810495628;8.907850895460225;8.947246980424824;8.986643065389423;9.020108288213246;9.05283215326947;9.085556018325699;9.118279883381925;9.151003748438152;9.183727613494378;9.216451478550605;9.249175343606831;9.281899208663058;9.314623073719284;9.34734693877551
104.08163265306123;6.111530612244898;6.309560599750104;6.507590587255311;6.705620574760516;6.903650562265723;7.101680549770929;7.242192836318201;7.336690962099126;7.431189087880051;7.525687213660975;7.620185339441899;7.711599333610995;7.778340274885465;7.845081216159933;7.911822157434402;7.978563098708872;8.045304039983339;8.101699291961683;8.152921699291962;8.204144106622241;8.25536651395252;8.306588921282799;8.35646605581008;8.401634735526864;8.446803415243648;8.491972094960433;8.537140774677217;8.582309454394002;8.623513119533529;8.663583923365264;8.703654727197002;8.743725531028739;8.783796334860476;8.823867138692211;8.863937942523949;8.904008746355686;8.944079550187423;8.984150354019159;9.024221157850896;9.059185755935028;9.093512078300709;9.12783840066639;9.16216472303207;9.196491045397751;9.230817367763432;9.265143690129113;9.299470012494794;9.333796334860475;9.368122657226156;9.402448979591837
105.91836734693878;6.123469387755102;6.322174094127447;6.520878800499792;6.719583506872136;6.918288213244482;7.116992919616827;7.258929612661391;7.355451895043732;7.451974177426073;7.548496459808414;7.645018742190754;7.738400666389005;7.806659725114535;7.874918783840067;7.943177842565597;8.011436901291129;8.07969596001666;8.136259891711786;8.186976259891711;8.237692628071636;8.288408996251562;8.339125364431487;8.38853394418992;8.433365264473135;8.47819658475635;8.523027905039566;8.567859225322781;8.612690545605997;8.654344023323615;8.69508954602249;8.735835068721366;8.776580591420242;8.817326114119117;8.858071636817991;8.898817159516868;8.939562682215744;8.98030820491462;9.021053727613495;9.06179925031237;9.098263223656812;9.134192003331945;9.17012078300708;9.206049562682216;9.241978342357353;9.277907122032486;9.313835901707623;9.349764681382757;9.385693461057892;9.421622240733027;9.457551020408163
107.75510204081633;6.135408163265307;6.33478758850479;6.534167013744273;6.733546438983757;6.9329258642232405;7.132305289462725;7.275666389004582;7.374212827988339;7.472759266972095;7.571305705955852;7.669852144939608;7.765201999167013;7.834979175343606;7.9047563515202;7.974533527696793;8.044310703873386;8.11408788004998;8.17082049146189;8.221030820491462;8.271241149521032;8.321451478550603;8.371661807580175;8.420601832569762;8.465095793419408;8.509589754269054;8.5540837151187;8.598577675968347;8.643071636817993;8.685174927113701;8.726595168679717;8.76801541024573;8.809435651811745;8.850855893377759;8.892276134943772;8.933696376509788;8.975116618075802;9.016536859641816;9.05795710120783;9.099377342773844;9.137340691378594;9.174871928363181;9.212403165347771;9.24993440233236;9.28746563931695;9.32499687630154;9.36252811328613;9.40005935027072;9.43759058725531;9.4751218242399;9.512653061224489
109.59183673469389;6.14734693877551;6.347401082882133;6.547455226988755;6.7475093710953775;6.947563515202;7.147617659308621;7.292403165347772;7.392973760932946;7.493544356518117;7.594114952103291;7.694685547688463;7.792003331945024;7.8632986255726784;7.934593919200333;8.005889212827988;8.077184506455644;8.1484798000833;8.205381091211995;8.255085381091211;8.304789670970429;8.354493960849647;8.404198250728863;8.452669720949604;8.496826322365681;8.540982923781758;8.585139525197834;8.62929612661391;8.673452728029988;8.71600583090379;8.758100791336943;8.800195751770095;8.84229071220325;8.884385672636402;8.926480633069554;8.968575593502708;9.01067055393586;9.052765514369014;9.094860474802166;9.13695543523532;9.176418159100376;9.21555185339442;9.254685547688464;9.293819241982508;9.332952936276552;9.372086630570596;9.41122032486464;9.450354019158684;9.489487713452728;9.528621407746773;9.567755102040817
111.42857142857143;6.131428571428572;6.332944606413995;6.534460641399416;6.73597667638484;6.937492711370264;7.139008746355685;7.285568513119534;7.388163265306122;7.490758017492712;7.5933527696793;7.6959475218658895;7.795393586005832;7.869650145772595;7.9439067055393595;8.018163265306123;8.092419825072888;8.166676384839649;8.22728862973761;8.281078717201165;8.334868804664723;8.38865889212828;8.442448979591838;8.494956268221575;8.542973760932945;8.590991253644315;8.639008746355685;8.687026239067055;8.735043731778427;8.780714285714286;8.825714285714286;8.870714285714286;8.915714285714287;8.960714285714285;9.005714285714287;9.050714285714287;9.095714285714285;9.140714285714287;9.185714285714287;9.230714285714287;9.273848396501458;9.316749271137027;9.359650145772596;9.402551020408165;9.445451895043732;9.4883527696793;9.53125364431487;9.574154518950438;9.617055393586007;9.659956268221576;9.702857142857143
113.26530612244898;6.107551020408163;6.310753852561432;6.513956684714701;6.717159516867971;6.920362349021241;7.12356518117451;7.271999167013744;7.3766180758017486;7.481236984589754;7.585855893377758;7.690474802165764;7.792094960433153;7.869725114535609;7.947355268638066;8.024985422740524;8.10261557684298;8.180245730945439;8.24558100791337;8.304768846314035;8.3639566847147;8.423144523115367;8.482332361516034;8.540162432319866;8.593240316534775;8.646318200749686;8.699396084964597;8.752473969179508;8.805551853394418;8.855102040816325;8.903644314868803;8.952186588921283;9.00072886297376;9.049271137026238;9.097813411078716;9.146355685131194;9.194897959183672;9.24344023323615;9.29198250728863;9.340524781341108;9.387950853810912;9.435237401082881;9.48252394835485;9.52981049562682;9.57709704289879;9.624383590170762;9.671670137442732;9.718956684714701;9.766243231986671;9.81352977925864;9.86081632653061
115.10204081632654;6.0836734693877546;6.288563098708871;6.493452728029988;6.698342357351104;6.903231986672219;7.108121615993336;7.258429820907955;7.365072886297376;7.471715951686797;7.578359017076218;7.6850020824656395;7.788796334860474;7.8698000832986255;7.950803831736777;8.031807580174927;8.112811328613077;8.193815077051228;8.263873386089129;8.328458975426905;8.393044564764681;8.457630154102457;8.522215743440233;8.585368596418158;8.64350687213661;8.701645147855059;8.759783423573511;8.817921699291963;8.876059975010413;8.929489795918368;8.981574344023324;9.033658892128281;9.085743440233237;9.137827988338193;9.189912536443149;9.241997084548107;9.294081632653063;9.346166180758019;9.398250728862974;9.45033527696793;9.502053311120367;9.553725531028737;9.60539775093711;9.657069970845482;9.708742190753854;9.760414410662225;9.812086630570597;9.863758850478968;9.91543107038734;9.96710329029571;10.018775510204083
116.93877551020408;6.059795918367347;6.26637234485631;6.472948771345274;6.679525197834236;6.886101624323199;7.092678050812161;7.244860474802165;7.3535276967930026;7.46219491878384;7.570862140774677;7.679529362765515;7.785497709287798;7.869875052061642;7.9542523948354855;8.03862973760933;8.123007080383173;8.207384423157018;8.282165764264889;8.352149104539775;8.422132444814661;8.492115785089545;8.562099125364432;8.630574760516451;8.693773427738442;8.756972094960433;8.820170762182423;8.883369429404414;8.946568096626406;9.003877551020409;9.059504373177843;9.115131195335277;9.170758017492712;9.226384839650146;9.28201166180758;9.337638483965014;9.39326530612245;9.448892128279883;9.504518950437319;9.560145772594753;9.616155768429822;9.672213660974595;9.728271553519368;9.78432944606414;9.840387338608913;9.896445231153686;9.95250312369846;10.008561016243233;10.064618908788006;10.12067680133278;10.17673469387755
118.77551020408163;6.035918367346939;6.244181591003748;6.4524448146605575;6.660708038317368;6.868971261974178;7.077234485630987;7.231291128696376;7.3419825072886296;7.452673885880883;7.563365264473136;7.67405664306539;7.782199083715119;7.869950020824657;7.957700957934194;8.045451895043731;8.13320283215327;8.220953769262808;8.30045814244065;8.375839233652645;8.45122032486464;8.526601416076634;8.60198250728863;8.675780924614743;8.744039983340276;8.812299042065806;8.880558100791337;8.948817159516867;9.0170762182424;9.078265306122448;9.137434402332362;9.196603498542274;9.255772594752187;9.3149416909621;9.374110787172011;9.433279883381925;9.492448979591837;9.551618075801748;9.610787172011662;9.669956268221574;9.730258225739275;9.79070179092045;9.851145356101625;9.9115889212828;9.972032486463974;10.032476051645148;10.092919616826322;10.153363182007498;10.213806747188672;10.274250312369846;10.33469387755102
120.61224489795919;5.995510204081633;6.205947521865889;6.416384839650146;6.626822157434403;6.837259475218659;7.047696793002916;7.20417742607247;7.317492711370262;7.4308079966680545;7.544123281965848;7.65743856726364;7.768196584756351;7.858496459808412;7.948796334860475;8.039096209912536;8.129396084964599;8.21969596001666;8.30289879216993;8.382553102873802;8.462207413577678;8.541861724281548;8.621516034985422;8.699687630154102;8.772669720949605;8.845651811745105;8.918633902540607;8.99161599333611;9.064598084131612;9.130976676384842;9.195468554768848;9.259960433152854;9.32445231153686;9.388944189920865;9.453436068304873;9.51792794668888;9.582419825072886;9.646911703456894;9.711403581840898;9.775895460224907;9.843885880882965;9.91231361932528;9.980741357767597;10.049169096209912;10.117596834652229;10.186024573094544;10.254452311536859;10.322880049979176;10.391307788421491;10.459735526863806;10.528163265306121
122.44897959183675;5.92204081632653;6.135626822157434;6.349212827988338;6.562798833819242;6.776384839650146;6.989970845481049;7.149975010412328;7.267113702623907;7.384252394835485;7.501391087047064;7.618529779258642;7.732786339025407;7.823985839233653;7.9151853394419;8.006384839650146;8.097584339858392;8.188783840066638;8.273635985006246;8.355314452311536;8.436992919616825;8.518671386922115;8.600349854227405;8.680995418575593;8.758025822573927;8.835056226572261;8.912086630570595;8.98911703456893;9.066147438567263;9.140335276967932;9.213710953769263;9.287086630570595;9.360462307371927;9.43383798417326;9.507213660974594;9.580589337775928;9.65396501457726;9.727340691378593;9.800716368179925;9.874092044981259;9.956563931695129;10.040172844648065;10.123781757601002;10.207390670553938;10.290999583506874;10.37460849645981;10.458217409412745;10.541826322365683;10.62543523531862;10.709044148271555;10.792653061224492
124.28571428571429;5.848571428571428;6.0653061224489795;6.28204081632653;6.498775510204081;6.715510204081632;6.932244897959183;7.095772594752186;7.216734693877552;7.337696793002915;7.4586588921282795;7.579620991253644;7.69737609329446;7.789475218658891;7.881574344023322;7.973673469387755;8.065772594752186;8.157871720116617;8.244373177842565;8.32807580174927;8.411778425655976;8.495481049562681;8.579183673469387;8.662303206997086;8.74338192419825;8.824460641399417;8.905539358600583;8.986618075801749;9.067696793002915;9.14969387755102;9.23195335276968;9.314212827988339;9.396472303206997;9.478731778425656;9.560991253644316;9.643250728862975;9.725510204081633;9.807769679300291;9.89002915451895;9.97228862973761;10.069241982507288;10.168032069970845;10.266822157434403;10.36561224489796;10.464402332361518;10.563192419825073;10.66198250728863;10.760772594752188;10.859562682215744;10.958352769679301;11.057142857142857
126.12244897959184;5.775102040816327;5.994985422740525;6.214868804664723;6.434752186588922;6.654635568513119;6.874518950437318;7.041570179092044;7.166355685131195;7.291141191170346;7.415926697209496;7.540712203248646;7.661965847563515;7.754964598084132;7.847963348604749;7.9409620991253655;8.03396084964598;8.126959600166598;8.215110370678886;8.300837151187006;8.386563931695129;8.472290712203248;8.558017492711372;8.643610995418577;8.728738025822576;8.813865056226573;8.898992086630571;8.98411911703457;9.069246147438568;9.159052478134111;9.250195751770097;9.341339025406082;9.432482299042068;9.523625572678052;9.614768846314035;9.705912119950023;9.797055393586007;9.88819866722199;9.979341940857976;10.070485214493962;10.18192003331945;10.295891295293627;10.409862557267806;10.523833819241984;10.63780508121616;10.75177634319034;10.865747605164515;10.979718867138693;11.09369012911287;11.207661391087049;11.321632653061226
127.95918367346938;5.701632653061225;5.924664723032071;6.147696793002916;6.3707288629737615;6.5937609329446065;6.816793002915452;6.987367763431904;7.1159766763848395;7.244585589337777;7.373194502290713;7.501803415243649;7.62655560183257;7.720453977509371;7.814352353186173;7.908250728862973;8.002149104539775;8.096047480216576;8.185847563515201;8.27359850062474;8.361349437734278;8.449100374843814;8.536851311953352;8.624918783840066;8.714094127446897;8.803269471053728;8.892444814660557;8.981620158267388;9.070795501874219;9.1684110787172;9.268438150770512;9.368465222823824;9.468492294877136;9.568519366930445;9.668546438983757;9.768573511037069;9.868600583090378;9.96862765514369;10.068654727197002;10.168681799250313;10.29459808413161;10.423750520616409;10.552902957101209;10.682055393586007;10.811207830070805;10.940360266555603;11.069512703040399;11.198665139525197;11.327817576009995;11.456970012494795;11.58612244897959
129.79591836734693;5.628163265306123;5.854344023323616;6.080524781341109;6.306705539358601;6.532886297376094;6.7590670553935865;6.933165347771762;7.065597667638484;7.198029987505207;7.330462307371929;7.462894627238651;7.591145356101625;7.685943356934611;7.780741357767597;7.875539358600583;7.97033735943357;8.065135360266556;8.15658475635152;8.246359850062474;8.336134943773429;8.425910037484382;8.515685131195335;8.606226572261557;8.69945022907122;8.792673885880882;8.885897542690545;8.979121199500208;9.07234485630987;9.177769679300292;9.28668054977093;9.395591420241566;9.504502290712203;9.613413161182839;9.722324031653478;9.831234902124116;9.940145772594752;10.04905664306539;10.157967513536027;10.266878384006665;10.407276134943773;10.55160974593919;10.69594335693461;10.840276967930029;10.984610578925448;11.128944189920865;11.273277800916285;11.417611411911704;11.561945022907121;11.706278633902539;11.850612244897956
131.6326530612245;5.554693877551021;5.78402332361516;6.0133527696793;6.24268221574344;6.4720116618075805;6.70134110787172;6.8789629321116195;7.0152186588921275;7.151474385672637;7.287730112453144;7.423985839233652;7.55573511037068;7.65143273635985;7.747130362349021;7.842827988338192;7.938525614327364;8.034223240316534;8.127321949187838;8.219121199500208;8.310920449812578;8.402719700124948;8.494518950437318;8.587534360683048;8.684806330695544;8.782078300708038;8.879350270720533;8.976622240733029;9.073894210745523;9.187128279883384;9.304922948771345;9.422717617659309;9.540512286547273;9.658306955435236;9.776101624323198;9.893896293211164;10.011690962099125;10.129485630987089;10.247280299875053;10.365074968763016;10.519954185755935;10.679468971261974;10.838983756768013;10.998498542274053;11.158013327780091;11.317528113286132;11.47704289879217;11.636557684298209;11.796072469804248;11.955587255310286;12.115102040816325
133.46938775510205;5.481224489795918;5.7137026239067055;5.946180758017492;6.178658892128279;6.411137026239067;6.643615160349854;6.824760516451478;6.964839650145772;7.104918783840066;7.24499791753436;7.385077051228654;7.520324864639734;7.616922115785089;7.713519366930446;7.810116618075801;7.906713869221158;8.003311120366513;8.098059142024157;8.191882548937942;8.285705955851729;8.379529362765513;8.4733527696793;8.56884214910454;8.670162432319866;8.771482715535193;8.87280299875052;8.974123281965847;9.075443565181173;9.19648688046647;9.323165347771761;9.449843815077053;9.57652228238234;9.70320074968763;9.82987921699292;9.95655768429821;10.083236151603499;10.209914618908789;10.336593086214078;10.46327155351937;10.632632236568098;10.807328196584756;10.982024156601417;11.156720116618079;11.331416076634737;11.506112036651396;11.680807996668056;11.855503956684716;12.030199916701376;12.204895876718036;12.379591836734695
135.30612244897958;5.403061224489797;5.637863390254062;5.872665556018327;6.107467721782592;6.342269887546856;6.577072053311122;6.7614577259475235;6.905510204081634;7.049562682215744;7.1936151603498555;7.337667638483966;7.476584756351522;7.574418992086631;7.6722532278217415;7.770087463556852;7.867921699291963;7.965755935027072;8.061715951686798;8.15673885880883;8.251761765930862;8.346784673052893;8.441807580174927;8.538804664723033;8.64271137026239;8.746618075801749;8.85052478134111;8.954431486880466;9.058338192419825;9.184737609329446;9.317563515202002;9.450389421074554;9.583215326947109;9.716041232819661;9.848867138692214;9.981693044564768;10.11451895043732;10.247344856309873;10.380170762182427;10.51299666805498;10.695102040816328;10.883367346938778;11.071632653061227;11.259897959183677;11.448163265306125;11.636428571428576;11.824693877551022;12.012959183673471;12.20122448979592;12.38948979591837;12.577755102040818
137.14285714285714;5.301428571428572;5.534431486880466;5.767434402332361;6.000437317784257;6.233440233236152;6.466443148688047;6.65265306122449;6.801428571428572;6.950204081632654;7.098979591836735;7.247755102040817;7.391195335276969;7.491953352769681;7.592711370262392;7.693469387755102;7.794227405247813;7.894985422740525;7.98997084548105;8.082069970845481;8.174169096209914;8.266268221574343;8.358367346938776;8.45204081632653;8.55122448979592;8.650408163265306;8.749591836734695;8.848775510204081;8.94795918367347;9.067448979591836;9.192740524781343;9.318032069970846;9.44332361516035;9.568615160349855;9.69390670553936;9.819198250728865;9.944489795918368;10.069781341107873;10.195072886297378;10.320364431486883;10.5065306122449;10.700306122448982;10.894081632653062;11.087857142857144;11.281632653061227;11.475408163265307;11.669183673469387;11.862959183673471;12.05673469387755;12.250510204081632;12.444285714285714
138.9795918367347;5.199795918367347;5.430999583506871;5.662203248646397;5.893406913785922;6.124610578925447;6.355814244064972;6.543848396501457;6.69734693877551;6.8508454810495625;7.004344023323615;7.157842565597668;7.305805914202417;7.4094877134527275;7.513169512703042;7.6168513119533525;7.7205331112036655;7.8242149104539775;7.918225739275302;8.007401082882131;8.096576426488962;8.185751770095791;8.274927113702624;8.36527696793003;8.459737609329446;8.554198250728863;8.648658892128278;8.743119533527697;8.837580174927112;8.950160349854226;9.067917534360683;9.185674718867137;9.303431903373594;9.42118908788005;9.538946272386505;9.656703456892961;9.774460641399417;9.89221782590587;10.009975010412328;10.127732194918783;10.31795918367347;10.517244897959182;10.716530612244897;10.915816326530614;11.115102040816327;11.31438775510204;11.513673469387754;11.712959183673469;11.912244897959182;12.111530612244898;12.310816326530611
140.81632653061223;5.098163265306123;5.327567680133279;5.556972094960434;5.78637650978759;6.015780924614745;6.2451853394419;6.435043731778427;6.59326530612245;6.751486880466473;6.909708454810496;7.067930029154519;7.220416493127865;7.327022074135778;7.433627655143691;7.540233236151604;7.6468388171595185;7.753444398167431;7.846480633069555;7.932732194918784;8.018983756768014;8.105235318617243;8.191486880466472;8.278513119533528;8.368250728862975;8.45798833819242;8.547725947521867;8.637463556851312;8.727201166180759;8.832871720116618;8.943094543940026;9.053317367763434;9.16354019158684;9.273763015410246;9.383985839233654;9.49420866305706;9.604431486880468;9.714654310703875;9.82487713452728;9.93509995835069;10.129387755102043;10.33418367346939;10.538979591836737;10.743775510204085;10.94857142857143;11.153367346938778;11.358163265306123;11.562959183673472;11.767755102040818;11.972551020408165;12.17734693877551
142.65306122448982;4.9965306122448965;5.224135776759683;5.451740941274467;5.679346105789254;5.906951270304039;6.134556434818824;6.326239067055392;6.489183673469387;6.652128279883381;6.815072886297375;6.97801749271137;7.135027072053311;7.244556434818825;7.3540857975843394;7.463615160349853;7.573144523115368;7.682673885880882;7.7747355268638065;7.858063306955434;7.941391087047062;8.02471886713869;8.108046647230319;8.191749271137025;8.2767638483965;8.361778425655976;8.44679300291545;8.531807580174926;8.6168221574344;8.715583090379008;8.818271553519365;8.920960016659725;9.023648479800082;9.126336942940439;9.2290254060808;9.331713869221158;9.434402332361515;9.537090795501872;9.63977925864223;9.742467721782589;9.94081632653061;10.151122448979589;10.361428571428569;10.57173469387755;10.78204081632653;10.99234693877551;11.202653061224488;11.412959183673468;11.623265306122448;11.833571428571428;12.043877551020406
144.48979591836735;4.894897959183673;5.120703873386089;5.346509787588505;5.57231570179092;5.7981216159933355;6.023927530195752;6.217434402332362;6.385102040816326;6.552769679300291;6.720437317784256;6.888104956268221;7.0496376509787595;7.162090795501873;7.274543940024991;7.3869970845481046;7.499450229071221;7.611903373594336;7.702990420658059;7.783394418992087;7.863798417326114;7.944202415660142;8.024606413994169;8.104985422740524;8.18527696793003;8.265568513119533;8.345860058309038;8.426151603498543;8.506443148688046;8.598294460641398;8.693448563098707;8.788602665556018;8.883756768013328;8.978910870470637;9.074064972927946;9.169219075385257;9.264373177842566;9.359527280299874;9.454681382757185;9.549835485214494;9.752244897959185;9.968061224489796;10.183877551020407;10.399693877551021;10.615510204081632;10.831326530612246;11.047142857142857;11.26295918367347;11.478775510204082;11.694591836734693;11.910408163265306
146.32653061224488;4.79326530612245;5.017271970012495;5.2412786339025415;5.465285297792588;5.689291961682633;5.913298625572679;6.108629737609331;6.281020408163267;6.4534110787172025;6.625801749271138;6.798192419825074;6.964248229904208;7.079625156184924;7.195002082465641;7.310379008746357;7.425755935027073;7.54113286130779;7.631245314452313;7.708725531028739;7.786205747605165;7.863685964181592;7.941166180758018;8.018221574344025;8.093790087463558;8.16935860058309;8.244927113702625;8.320495626822158;8.396064139941691;8.48100583090379;8.568625572678052;8.656245314452313;8.743865056226575;8.831484798000835;8.919104539775095;9.006724281549356;9.094344023323618;9.181963765097878;9.26958350687214;9.3572032486464;9.563673469387757;9.785000000000002;10.006326530612247;10.227653061224492;10.448979591836737;10.670306122448983;10.891632653061226;11.112959183673471;11.334285714285716;11.555612244897961;11.776938775510205
148.16326530612247;4.691632653061223;4.913840066638899;5.136047480216575;5.358254893794252;5.580462307371927;5.802669720949603;5.9998250728862965;6.1769387755102025;6.3540524781341094;6.531166180758017;6.708279883381923;6.878858808829654;6.9971595168679706;7.11546022490629;7.233760932944605;7.352061640982924;7.470362349021241;7.559500208246564;7.634056643065389;7.708613077884214;7.78316951270304;7.857725947521866;7.931457725947521;8.002303206997084;8.073148688046647;8.143994169096208;8.214839650145771;8.285685131195335;8.363717201166178;8.44380258225739;8.523887963348605;8.603973344439815;8.684058725531026;8.76414410662224;8.844229487713452;8.924314868804663;9.004400249895875;9.084485630987087;9.1645710120783;9.375102040816326;9.601938775510202;9.82877551020408;10.055612244897958;10.282448979591836;10.509285714285713;10.73612244897959;10.962959183673469;11.189795918367345;11.416632653061223;11.6434693877551
150.0;4.59;4.810408163265306;5.030816326530612;5.251224489795918;5.471632653061224;5.69204081632653;5.891020408163265;6.072857142857142;6.25469387755102;6.436530612244898;6.618367346938776;6.793469387755103;6.914693877551021;7.03591836734694;7.1571428571428575;7.278367346938777;7.399591836734694;7.487755102040817;7.5593877551020405;7.631020408163266;7.70265306122449;7.774285714285715;7.844693877551021;7.910816326530613;7.976938775510204;8.043061224489795;8.109183673469387;8.17530612244898;8.24642857142857;8.318979591836735;8.391530612244898;8.46408163265306;8.536632653061224;8.609183673469389;8.681734693877551;8.754285714285714;8.826836734693877;8.89938775510204;8.971938775510205;9.186530612244898;9.418877551020408;9.651224489795919;9.88357142857143;10.11591836734694;10.34826530612245;10.58061224489796;10.81295918367347;11.045306122448979;11.277653061224491;11.51
